study_id	efo_trait	reported_trait	initial_sample	replication_sample	snp_count	publication_date	pubmed_id	title	publication
GCST90043646	smoking behaviour measurement	Light smokers - at least 100 smokes in lifetime (UKB data field 2644)	56,073 European ancestry cases, 65,972 European ancestry controls	NA	11842647	2021-11-04	34737426	A generalized linear mixed model association tool for biobank-scale data.	Nat Genet
GCST90042709	alcohol consumption measurement	Alcohol drinker status: Current (UKB data field 20117_2)	425,126 European ancestry cases, 30,529 European ancestry controls	NA	11842647	2021-11-04	34737426	A generalized linear mixed model association tool for biobank-scale data.	Nat Genet
GCST90042707	alcohol consumption measurement	Alcohol drinker status: Never (UKB data field 20117_0)	14,532 European ancestry cases, 441,123 European ancestry controls	NA	11842647	2021-11-04	34737426	A generalized linear mixed model association tool for biobank-scale data.	Nat Genet
GCST90042661	alcohol consumption measurement	Size of rose wine glass drunk: large (250ml) (UKB data field 20097_3)	165 European ancestry cases, 63,836 European ancestry controls	NA	11842647	2021-11-04	34737426	A generalized linear mixed model association tool for biobank-scale data.	Nat Genet
GCST90042660	alcohol consumption measurement	Size of rose wine glass drunk: medium (175ml) (UKB data field 20097_2)	960 European ancestry cases, 63,041 European ancestry controls	NA	11842647	2021-11-04	34737426	A generalized linear mixed model association tool for biobank-scale data.	Nat Genet
GCST90042659	alcohol consumption measurement	Size of rose wine glass drunk: small (125ml) (UKB data field 20097_1)	669 European ancestry cases, 63,332 European ancestry controls	NA	11842647	2021-11-04	34737426	A generalized linear mixed model association tool for biobank-scale data.	Nat Genet
GCST90042658	alcohol consumption measurement	Size of red wine glass drunk: large (250ml) (UKB data field 20096_3)	937 European ancestry cases, 63,064 European ancestry controls	NA	11842647	2021-11-04	34737426	A generalized linear mixed model association tool for biobank-scale data.	Nat Genet
GCST90042657	alcohol consumption measurement	Size of red wine glass drunk: medium (175ml) (UKB data field 20096_2)	6,287 European ancestry cases, 57,714 European ancestry controls	NA	11842647	2021-11-04	34737426	A generalized linear mixed model association tool for biobank-scale data.	Nat Genet
GCST90042656	alcohol consumption measurement	Size of red wine glass drunk: small (125ml) (UKB data field 20096_1)	3,799 European ancestry cases, 60,202 European ancestry controls	NA	11842647	2021-11-04	34737426	A generalized linear mixed model association tool for biobank-scale data.	Nat Genet
GCST90029014	smoking status measurement	Smoking status	468,170 European ancestry individuals	NA	12007908	2018-07-01	29892013	Mixed-model association for biobank-scale datasets.	Nat Genet
GCST90043694	smoking status measurement	Ever stopped smoking for 6 months (UKB data field 2907)	48,297 European ancestry cases, 63,455 European ancestry controls	NA	11842647	2021-11-04	34737426	A generalized linear mixed model association tool for biobank-scale data.	Nat Genet
GCST90042725	smoking status measurement	Ever smoked (UKB data field 20160)	276,380 European ancestry cases, 178,101 European ancestry controls	NA	11842647	2021-11-04	34737426	A generalized linear mixed model association tool for biobank-scale data.	Nat Genet
GCST90042704	smoking status measurement	Smoking status: Never (UKB data field 20116_0)	245,064 European ancestry cases, 209,365 European ancestry controls	NA	11842647	2021-11-04	34737426	A generalized linear mixed model association tool for biobank-scale data.	Nat Genet
GCST90042765	longitudinal alcohol consumption measurement	Ever had known person concerned about, or recommend reduction of, alcohol consumption: Yes, during the last year (UKB data field 20405_2)	6,071 European ancestry cases, 141,474 European ancestry controls	NA	11842647	2021-11-04	34737426	A generalized linear mixed model association tool for biobank-scale data.	Nat Genet
GCST90042764	longitudinal alcohol consumption measurement	Ever had known person concerned about, or recommend reduction of, alcohol consumption: Yes, but not in the last year (UKB data field 20405_1)	6,736 European ancestry cases, 140,809 European ancestry controls	NA	11842647	2021-11-04	34737426	A generalized linear mixed model association tool for biobank-scale data.	Nat Genet
GCST90042763	longitudinal alcohol consumption measurement	Ever had known person concerned about, or recommend reduction of, alcohol consumption: No (UKB data field 20405_0)	134,738 European ancestry cases, 12,807 European ancestry controls	NA	11842647	2021-11-04	34737426	A generalized linear mixed model association tool for biobank-scale data.	Nat Genet
GCST90042849	addictive behaviour	Behavioural and miscellaneous addictions: A behaviour (UKB data field 20552_2)	1,535 European ancestry cases, 144,571 European ancestry controls	NA	11842647	2021-11-04	34737426	A generalized linear mixed model association tool for biobank-scale data.	Nat Genet
GCST90042848	addictive behaviour	Behavioural and miscellaneous addictions: Something else not mentioned (UKB data field 20552_1)	576 European ancestry cases, 145,530 European ancestry controls	NA	11842647	2021-11-04	34737426	A generalized linear mixed model association tool for biobank-scale data.	Nat Genet
GCST90043724	smoking behavior	Smoked cigarette or pipe within last hour (UKB data field 3159)	5,483 European ancestry cases, 37,126 European ancestry controls	NA	11842647	2021-11-04	34737426	A generalized linear mixed model association tool for biobank-scale data.	Nat Genet
GCST90041731	alcohol drinking	Alcohol consumed (UKB data field 100580)	31,460 European ancestry cases, 32,541 European ancestry controls	NA	11842647	2021-11-04	34737426	A generalized linear mixed model association tool for biobank-scale data.	Nat Genet
GCST90042852	medication adherence behavior/Self-injurious behavior	Methods of self-harm used: Ingesting a medication in excess of the normal dose (UKB data field 20553_4)	3,671 European ancestry cases, 143,662 European ancestry controls	NA	11842647	2021-11-04	34737426	A generalized linear mixed model association tool for biobank-scale data.	Nat Genet
GCST90042851	medication adherence behavior/Self-injurious behavior	Methods of self-harm used: Stopping prescribed medication (UKB data field 20553_3)	329 European ancestry cases, 147,004 European ancestry controls	NA	11842647	2021-11-04	34737426	A generalized linear mixed model association tool for biobank-scale data.	Nat Genet
GCST006810	risk-taking behaviour	Self-reported risk-taking behaviour	113,882 European ancestry cases, 322,354 European ancestry controls	NA	7736308	2018-05-03	30271922	Genome-wide association study for risk taking propensity indicates shared pathways with body mass index.	Commun Biol
GCST90042854	Self-injurious behavior/drug misuse/alcohol drinking	Methods of self-harm used: Ingesting alcohol or a recreational or illicit drug (UKB data field 20553_6)	970 European ancestry cases, 146,363 European ancestry controls	NA	11842647	2021-11-04	34737426	A generalized linear mixed model association tool for biobank-scale data.	Nat Genet
GCST90042842	drug misuse/alcohol drinking/anxiety	Substances taken for anxiety: Drugs or alcohol (more than once) (UKB data field 20549_4)	6,726 European ancestry cases, 117,097 European ancestry controls	NA	11842647	2021-11-04	34737426	A generalized linear mixed model association tool for biobank-scale data.	Nat Genet
GCST90043726	alcoholic liver disease	Alcoholic liver damage (PheCode 317.11)	451 European ancestry cases, 455,897 European ancestry controls	NA	11842647	2021-11-04	34737426	A generalized linear mixed model association tool for biobank-scale data.	Nat Genet
GCST90042762	substance-related disorder	Ever addicted to any substance or behaviour (UKB data field 20401)	8,803 European ancestry cases, 137,303 European ancestry controls	NA	11842647	2021-11-04	34737426	A generalized linear mixed model association tool for biobank-scale data.	Nat Genet
GCST90043699	amnesia	Memory loss (PheCode 292.3)	250 European ancestry cases, 456,098 European ancestry controls	NA	11842647	2021-11-04	34737426	A generalized linear mixed model association tool for biobank-scale data.	Nat Genet
GCST90043704	schizophrenia	Schizophrenia (PheCode 295.1)	367 European ancestry cases, 455,981 European ancestry controls	NA	11842647	2021-11-04	34737426	A generalized linear mixed model association tool for biobank-scale data.	Nat Genet
GCST90043706	psychosis	Psychosis (PheCode 295.3)	102 European ancestry cases, 456,246 European ancestry controls	NA	11842647	2021-11-04	34737426	A generalized linear mixed model association tool for biobank-scale data.	Nat Genet
GCST90043696	psychosis	Transient mental disorders due to conditions classified elsewhere (PheCode 291.1)	112 European ancestry cases, 456,236 European ancestry controls	NA	11842647	2021-11-04	34737426	A generalized linear mixed model association tool for biobank-scale data.	Nat Genet
GCST90043695	cognitive disorder	Delirium dementia and amnestic and other cognitive disorders (PheCode 290)	195 European ancestry cases, 456,153 European ancestry controls	NA	11842647	2021-11-04	34737426	A generalized linear mixed model association tool for biobank-scale data.	Nat Genet
GCST90043693	alcohol withdrawal delirium	Delirium due to conditions classified elsewhere (PheCode 290.2)	236 European ancestry cases, 456,112 European ancestry controls	NA	11842647	2021-11-04	34737426	A generalized linear mixed model association tool for biobank-scale data.	Nat Genet
GCST90043728	alcohol dependence	Alcohol-related disorders (PheCode 317)	909 European ancestry cases, 455,439 European ancestry controls	NA	11842647	2021-11-04	34737426	A generalized linear mixed model association tool for biobank-scale data.	Nat Genet
GCST90043727	alcohol dependence	Alcoholism (PheCode 317.1)	588 European ancestry cases, 455,760 European ancestry controls	NA	11842647	2021-11-04	34737426	A generalized linear mixed model association tool for biobank-scale data.	Nat Genet
GCST90043725	opioid dependence	Substance addiction and disorders (PheCode 316)	1,303 European ancestry cases, 455,045 European ancestry controls	NA	11842647	2021-11-04	34737426	A generalized linear mixed model association tool for biobank-scale data.	Nat Genet
GCST90042847	drug dependence	Substance of prescription or over-the-counter medication addiction: Something else (UKB data field 20551_3)	280 European ancestry cases, 145,826 European ancestry controls	NA	11842647	2021-11-04	34737426	A generalized linear mixed model association tool for biobank-scale data.	Nat Genet
GCST90042846	drug dependence	Substance of prescription or over-the-counter medication addiction: A painkiller (UKB data field 20551_2)	501 European ancestry cases, 145,605 European ancestry controls	NA	11842647	2021-11-04	34737426	A generalized linear mixed model association tool for biobank-scale data.	Nat Genet
GCST90042845	drug dependence	Substance of prescription or over-the-counter medication addiction: A sedative, benzodiazepine or sleeping tablet (UKB data field 20551_1)	558 European ancestry cases, 145,548 European ancestry controls	NA	11842647	2021-11-04	34737426	A generalized linear mixed model association tool for biobank-scale data.	Nat Genet
GCST90043717	Tourette syndrome	Psychogenic disorder (PheCode 303.3)	310 European ancestry cases, 456,038 European ancestry controls	NA	11842647	2021-11-04	34737426	A generalized linear mixed model association tool for biobank-scale data.	Nat Genet
GCST90013934	insomnia	Insomnia (SPA correction)	407,746 British ancestry individuals	NA	11914699	2021-05-20	34017140	Computationally efficient whole-genome regression for quantitative and binary traits.	Nat Genet
GCST90013884	insomnia	Insomnia (Firth correction)	407,746 British ancestry individuals	NA	11914699	2021-05-20	34017140	Computationally efficient whole-genome regression for quantitative and binary traits.	Nat Genet
GCST90043732	sleep apnea	Sleep disorders (PheCode 327)	992 European ancestry cases, 455,356 European ancestry controls	NA	11842647	2021-11-04	34737426	A generalized linear mixed model association tool for biobank-scale data.	Nat Genet
GCST90043731	sleep apnea	Sleep apnea (PheCode 327.3)	2,827 European ancestry cases, 453,521 European ancestry controls	NA	11842647	2021-11-04	34737426	A generalized linear mixed model association tool for biobank-scale data.	Nat Genet
GCST90042817	sleep disorder	Waking too early (UKB data field 20535)	43,398 European ancestry cases, 13,817 European ancestry controls	NA	11842647	2021-11-04	34737426	A generalized linear mixed model association tool for biobank-scale data.	Nat Genet
GCST90042816	sleep disorder	Sleeping too much (UKB data field 20534)	11,833 European ancestry cases, 45,382 European ancestry controls	NA	11842647	2021-11-04	34737426	A generalized linear mixed model association tool for biobank-scale data.	Nat Genet
GCST90042815	sleep disorder	Trouble falling asleep (UKB data field 20533)	43,474 European ancestry cases, 13,741 European ancestry controls	NA	11842647	2021-11-04	34737426	A generalized linear mixed model association tool for biobank-scale data.	Nat Genet
GCST90042777	sleep disorder	Frequent trouble falling or staying asleep during worst period of anxiety (UKB data field 20427)	36,531 European ancestry cases, 8,092 European ancestry controls	NA	11842647	2021-11-04	34737426	A generalized linear mixed model association tool for biobank-scale data.	Nat Genet
GCST90043716	gender identity disorder	Sexual and gender identity disorders (PheCode 302)	198 European ancestry cases, 456,150 European ancestry controls	NA	11842647	2021-11-04	34737426	A generalized linear mixed model association tool for biobank-scale data.	Nat Genet
GCST90043718	adjustment disorder	Adjustment reaction (PheCode 304)	241 European ancestry cases, 456,107 European ancestry controls	NA	11842647	2021-11-04	34737426	A generalized linear mixed model association tool for biobank-scale data.	Nat Genet
GCST90029028	neurotic disorder	Neuroticism	393,411 European ancestry individuals	NA	12003239	2018-07-01	29892013	Mixed-model association for biobank-scale datasets.	Nat Genet
GCST90043712	anxiety disorder	Anxiety disorder (PheCode 300.1)	463 European ancestry cases, 455,885 European ancestry controls	NA	11842647	2021-11-04	34737426	A generalized linear mixed model association tool for biobank-scale data.	Nat Genet
GCST90013928	unipolar depression	Depression (SPA correction)	407,746 British ancestry individuals	NA	11914699	2021-05-20	34017140	Computationally efficient whole-genome regression for quantitative and binary traits.	Nat Genet
GCST90013878	unipolar depression	Depression (Firth correction)	407,746 British ancestry individuals	NA	11914699	2021-05-20	34017140	Computationally efficient whole-genome regression for quantitative and binary traits.	Nat Genet
GCST90043709	unipolar depression	Major depressive disorder (PheCode 296.22)	376 European ancestry cases, 455,972 European ancestry controls	NA	11842647	2021-11-04	34737426	A generalized linear mixed model association tool for biobank-scale data.	Nat Genet
GCST90042829	drug misuse/alcohol drinking/unipolar depression	Substances taken for depression: Drugs or alcohol (more than once) (UKB data field 20546_4)	10,704 European ancestry cases, 136,692 European ancestry controls	NA	11842647	2021-11-04	34737426	A generalized linear mixed model association tool for biobank-scale data.	Nat Genet
GCST90042787	unipolar depression	Professional informed about depression (UKB data field 20448)	53,752 European ancestry cases, 29,524 European ancestry controls	NA	11842647	2021-11-04	34737426	A generalized linear mixed model association tool for biobank-scale data.	Nat Genet
GCST90042786	unipolar depression	Depression possibly related to stressful or traumatic event (UKB data field 20447)	60,952 European ancestry cases, 22,384 European ancestry controls	NA	11842647	2021-11-04	34737426	A generalized linear mixed model association tool for biobank-scale data.	Nat Genet
GCST90042784	unipolar depression	Depression possibly related to childbirth (UKB data field 20445)	6,107 European ancestry cases, 42,012 European ancestry controls	NA	11842647	2021-11-04	34737426	A generalized linear mixed model association tool for biobank-scale data.	Nat Genet
GCST90042723	unipolar depression	Bipolar and major depression status: Single Probable major depression episode (UKB data field 20126_5)	7,298 European ancestry cases, 101,483 European ancestry controls	NA	11842647	2021-11-04	34737426	A generalized linear mixed model association tool for biobank-scale data.	Nat Genet
GCST90042722	unipolar depression	Bipolar and major depression status: Probable Recurrent major depression (moderate) (UKB data field 20126_4)	13,711 European ancestry cases, 95,070 European ancestry controls	NA	11842647	2021-11-04	34737426	A generalized linear mixed model association tool for biobank-scale data.	Nat Genet
GCST90042721	unipolar depression	Bipolar and major depression status: Probable Recurrent major depression (severe) (UKB data field 20126_3)	7,924 European ancestry cases, 100,857 European ancestry controls	NA	11842647	2021-11-04	34737426	A generalized linear mixed model association tool for biobank-scale data.	Nat Genet
GCST90042695	family history/unipolar depression	Illnesses of siblings: Severe depression (UKB data field 20111_12)	25,919 European ancestry cases, 331,152 European ancestry controls	NA	11842647	2021-11-04	34737426	A generalized linear mixed model association tool for biobank-scale data.	Nat Genet
GCST90042682	family history/unipolar depression	Illnesses of mother: Severe depression (UKB data field 20110_12)	27,823 European ancestry cases, 389,470 European ancestry controls	NA	11842647	2021-11-04	34737426	A generalized linear mixed model association tool for biobank-scale data.	Nat Genet
GCST90042669	family history/unipolar depression	Illnesses of father: Severe depression (UKB data field 20107_12)	15,165 European ancestry cases, 378,924 European ancestry controls	NA	11842647	2021-11-04	34737426	A generalized linear mixed model association tool for biobank-scale data.	Nat Genet
GCST009981	unipolar depression	Major depressive disorder in trauma-unexposed individuals	9,487 European ancestry cases, 39,677 European ancestry controls	NA	7791636	2020-01-23	31969693	Genome-wide gene-environment analyses of major depressive disorder and reported lifetime traumatic experiences in UK Biobank.	Mol Psychiatry
GCST009980	unipolar depression	Major depressive disorder in trauma exposed individuals	13,393 European ancestry cases, 10,701 European ancestry controls	NA	7791636	2020-01-23	31969693	Genome-wide gene-environment analyses of major depressive disorder and reported lifetime traumatic experiences in UK Biobank.	Mol Psychiatry
GCST009979	unipolar depression	Major depressive disorder	29,475 European ancestry cases, 63,482 European ancestry controls	NA	7791636	2020-01-23	31969693	Genome-wide gene-environment analyses of major depressive disorder and reported lifetime traumatic experiences in UK Biobank.	Mol Psychiatry
GCST005902	unipolar depression	Depression (broad)	113,769 British ancestry cases, 208,811 British ancestry controls	NA	7666894	2018-04-16	29662059	Genome-wide association study of depression phenotypes in UK Biobank identifies variants in excitatory synaptic pathways.	Nat Commun
GCST005903	unipolar depression	Major depressive disorder (ICD-10 coded)	8,276 British ancestry cases, 209,308 British ancestry controls	NA	7666894	2018-04-16	29662059	Genome-wide association study of depression phenotypes in UK Biobank identifies variants in excitatory synaptic pathways.	Nat Commun
GCST005904	unipolar depression	Major depressive disorder (probable)	30,603 British ancestry cases, 143,916 British ancestry controls	NA	7666894	2018-04-16	29662059	Genome-wide association study of depression phenotypes in UK Biobank identifies variants in excitatory synaptic pathways.	Nat Commun
GCST90042720	bipolar II disorder	Bipolar and major depression status: Bipolar II Disorder (UKB data field 20126_2)	645 European ancestry cases, 108,136 European ancestry controls	NA	11842647	2021-11-04	34737426	A generalized linear mixed model association tool for biobank-scale data.	Nat Genet
GCST90043708	bipolar disorder	Bipolar (PheCode 296.1)	628 European ancestry cases, 455,720 European ancestry controls	NA	11842647	2021-11-04	34737426	A generalized linear mixed model association tool for biobank-scale data.	Nat Genet
GCST90086062	major depressive disorder	Major depressive disorder	7,264 European ancestry cases, 49,373 European ancestry controls	NA	15589182	2021-04-23	33893285	The impact of non-additive genetic associations on age-related complex diseases.	Nat Commun
GCST90086061	major depressive disorder	Major depressive disorder	7,264 European ancestry cases, 49,373 European ancestry controls	NA	11437905	2021-04-23	33893285	The impact of non-additive genetic associations on age-related complex diseases.	Nat Commun
GCST90086060	major depressive disorder	Major depressive disorder	7,264 European ancestry cases, 49,373 European ancestry controls	NA	15144048	2021-04-23	33893285	The impact of non-additive genetic associations on age-related complex diseases.	Nat Commun
GCST90086059	major depressive disorder	Major depressive disorder	7,264 European ancestry cases, 49,373 European ancestry controls	NA	12135156	2021-04-23	33893285	The impact of non-additive genetic associations on age-related complex diseases.	Nat Commun
GCST90086058	major depressive disorder	Major depressive disorder	7,264 European ancestry cases, 49,373 European ancestry controls	NA	15107540	2021-04-23	33893285	The impact of non-additive genetic associations on age-related complex diseases.	Nat Commun
GCST006475	mood disorder/unipolar depression	Depressed affect	357,957 European ancestry individuals	NA	10847151	2018-06-25	29942085	Meta-analysis of genome-wide association studies for neuroticism in 449,484 individuals identifies novel genetic loci and pathways.	Nat Genet
GCST90043714	mental or behavioural disorder	Anxiety disorders (PheCode 300)	191 European ancestry cases, 456,157 European ancestry controls	NA	11842647	2021-11-04	34737426	A generalized linear mixed model association tool for biobank-scale data.	Nat Genet
GCST90043711	mental or behavioural disorder	Agorophobia, social phobia, and panic disorder (PheCode 300.12)	157 European ancestry cases, 456,191 European ancestry controls	NA	11842647	2021-11-04	34737426	A generalized linear mixed model association tool for biobank-scale data.	Nat Genet
GCST90043700	mental or behavioural disorder	Altered mental status (PheCode 292.4)	816 European ancestry cases, 455,532 European ancestry controls	NA	11842647	2021-11-04	34737426	A generalized linear mixed model association tool for biobank-scale data.	Nat Genet
GCST90042862	mental or behavioural disorder	Seen psychiatrist for nerves anxiety tension or depression (UKB data field 2100)	52,417 European ancestry cases, 401,764 European ancestry controls	NA	11842647	2021-11-04	34737426	A generalized linear mixed model association tool for biobank-scale data.	Nat Genet
GCST90042861	mental or behavioural disorder	Seen doctor for nerves anxiety tension or depression (UKB data field 2090)	156,442 European ancestry cases, 296,621 European ancestry controls	NA	11842647	2021-11-04	34737426	A generalized linear mixed model association tool for biobank-scale data.	Nat Genet
GCST90042804	mental or behavioural disorder	Ever suffered mental distress preventing usual activities (UKB data field 20500)	48,729 European ancestry cases, 97,076 European ancestry controls	NA	11842647	2021-11-04	34737426	A generalized linear mixed model association tool for biobank-scale data.	Nat Genet
GCST90042802	mental or behavioural disorder	Ever sought or received professional help for mental distress (UKB data field 20499)	57,861 European ancestry cases, 89,409 European ancestry controls	NA	11842647	2021-11-04	34737426	A generalized linear mixed model association tool for biobank-scale data.	Nat Genet
GCST90013958	behavioural disinhibition measurement	Risk taking (UKB data field 2040) (SPA correction)	407,746 British ancestry individuals	NA	11914699	2021-05-20	34017140	Computationally efficient whole-genome regression for quantitative and binary traits.	Nat Genet
GCST90013908	behavioural disinhibition measurement	Risk taking (UKB data field 2040) (Firth correction)	407,746 British ancestry individuals	NA	11914699	2021-05-20	34017140	Computationally efficient whole-genome regression for quantitative and binary traits.	Nat Genet
GCST90013971	family history of Alzheimer’s disease	Any parental history of Alzheimer's disease (SPA correction)	407,089 British ancestry individuals	NA	11914699	2021-05-20	34017140	Computationally efficient whole-genome regression for quantitative and binary traits.	Nat Genet
GCST90013921	family history of Alzheimer’s disease	Any parental history of Alzheimer's disease (Firth correction)	407,089 British ancestry individuals	NA	11914699	2021-05-20	34017140	Computationally efficient whole-genome regression for quantitative and binary traits.	Nat Genet
GCST90042691	family history of Alzheimer’s disease	Illnesses of siblings: Alzheimer's disease/dementia (UKB data field 20111_10)	2,087 European ancestry cases, 353,955 European ancestry controls	NA	11842647	2021-11-04	34737426	A generalized linear mixed model association tool for biobank-scale data.	Nat Genet
GCST90042678	family history of Alzheimer’s disease	Illnesses of mother: Alzheimer's disease/dementia (UKB data field 20110_10)	36,155 European ancestry cases, 381,650 European ancestry controls	NA	11842647	2021-11-04	34737426	A generalized linear mixed model association tool for biobank-scale data.	Nat Genet
GCST90012878	family history of Alzheimer’s disease	Family history of Alzheimer's disease	408,942 European ancestry individuals	NA	25643628	2021-02-15	33589840	Genome-wide meta-analysis, fine-mapping and integrative prioritization implicate new Alzheimer's disease risk genes.	Nat Genet
GCST90012877	Alzheimer disease/family history of Alzheimer’s disease	Alzheimer's disease or family history of Alzheimer's disease	472,868 European ancestry individuals	NA	10687077	2021-02-15	33589840	Genome-wide meta-analysis, fine-mapping and integrative prioritization implicate new Alzheimer's disease risk genes.	Nat Genet
GCST005921	family history of Alzheimer’s disease	Family history of Alzheimer's disease	up to 42,034 British ancestry individuals with parental history of Alzheimer's disease, at least 272,244 European ancestry individuals with no parental history of Alzheimer's disease	NA	7795605	2018-05-18	29777097	GWAS on family history of Alzheimer's disease.	Transl Psychiatry
GCST005920	family history of Alzheimer’s disease	Paternal history of Alzheimer's disease	14,338 British ancestry cases, 245,941 British ancestry controls	NA	7795605	2018-05-18	29777097	GWAS on family history of Alzheimer's disease.	Transl Psychiatry
GCST005923	family history of Alzheimer’s disease	Maternal history of Alzheimer's disease	27,696 British ancestry cases, 260,980 British ancestry controls	NA	7795605	2018-05-18	29777097	GWAS on family history of Alzheimer's disease.	Transl Psychiatry
GCST90044036	depressive symptom measurement	Ever depressed for a whole week (UKB data field 4598)	79,315 European ancestry cases, 68,230 European ancestry controls	NA	11842647	2021-11-04	34737426	A generalized linear mixed model association tool for biobank-scale data.	Nat Genet
GCST90042782	depressive symptom measurement	Thoughts of death during worst depression (UKB data field 20437)	41,009 European ancestry cases, 37,694 European ancestry controls	NA	11842647	2021-11-04	34737426	A generalized linear mixed model association tool for biobank-scale data.	Nat Genet
GCST90042769	alcohol use disorder measurement	Ever been injured or injured someone else through drinking alcohol: Yes, during the last year (UKB data field 20411_2)	676 European ancestry cases, 147,008 European ancestry controls	NA	11842647	2021-11-04	34737426	A generalized linear mixed model association tool for biobank-scale data.	Nat Genet
GCST90042768	alcohol use disorder measurement	Ever been injured or injured someone else through drinking alcohol: Yes, but not in the last year (UKB data field 20411_1)	5,608 European ancestry cases, 142,076 European ancestry controls	NA	11842647	2021-11-04	34737426	A generalized linear mixed model association tool for biobank-scale data.	Nat Genet
GCST90042767	alcohol use disorder measurement	Ever been injured or injured someone else through drinking alcohol: No (UKB data field 20411_0)	141,400 European ancestry cases, 6,284 European ancestry controls	NA	11842647	2021-11-04	34737426	A generalized linear mixed model association tool for biobank-scale data.	Nat Genet
GCST90044323	trauma exposure measurement	Illness, injury, bereavement, stress in last 2 years: Death of a spouse or partner (UKB data field 6145_4)	7,176 European ancestry cases, 446,070 European ancestry controls	NA	11842647	2021-11-04	34737426	A generalized linear mixed model association tool for biobank-scale data.	Nat Genet
GCST90044322	trauma exposure measurement	Illness, injury, bereavement, stress in last 2 years: Death of a close relative (UKB data field 6145_3)	95,788 European ancestry cases, 357,458 European ancestry controls	NA	11842647	2021-11-04	34737426	A generalized linear mixed model association tool for biobank-scale data.	Nat Genet
GCST90044321	trauma exposure measurement	Illness, injury, bereavement, stress in last 2 years: Serious illness, injury or assault of a close relative (UKB data field 6145_2)	52,628 European ancestry cases, 400,618 European ancestry controls	NA	11842647	2021-11-04	34737426	A generalized linear mixed model association tool for biobank-scale data.	Nat Genet
GCST90044319	injury/disease/trauma exposure measurement	Illness, injury, bereavement, stress in last 2 years: Serious illness, injury or assault to yourself (UKB data field 6145_1)	42,167 European ancestry cases, 411,079 European ancestry controls	NA	11842647	2021-11-04	34737426	A generalized linear mixed model association tool for biobank-scale data.	Nat Genet
GCST90042813	trauma exposure measurement	Victim of sexual assault (UKB data field 20531)	21,795 European ancestry cases, 124,182 European ancestry controls	NA	11842647	2021-11-04	34737426	A generalized linear mixed model association tool for biobank-scale data.	Nat Genet
GCST90042812	trauma exposure measurement	Witnessed sudden violent death (UKB data field 20530)	19,937 European ancestry cases, 127,580 European ancestry controls	NA	11842647	2021-11-04	34737426	A generalized linear mixed model association tool for biobank-scale data.	Nat Genet
GCST90042811	injury/trauma exposure measurement	Victim of physically violent crime (UKB data field 20529)	27,818 European ancestry cases, 119,667 European ancestry controls	NA	11842647	2021-11-04	34737426	A generalized linear mixed model association tool for biobank-scale data.	Nat Genet
GCST90042809	trauma exposure measurement	Been involved in combat or exposed to war-zone (UKB data field 20527)	5,104 European ancestry cases, 142,512 European ancestry controls	NA	11842647	2021-11-04	34737426	A generalized linear mixed model association tool for biobank-scale data.	Nat Genet
GCST90042808	injury/trauma exposure measurement	Been in serious accident believed to be life-threatening (UKB data field 20526)	14,315 European ancestry cases, 133,267 European ancestry controls	NA	11842647	2021-11-04	34737426	A generalized linear mixed model association tool for biobank-scale data.	Nat Genet
GCST009984	trauma exposure measurement	Trauma exposure in major depressive disorder-negative individuals	10,701 European ancestry cases, 39,677 European ancestry controls	NA	7791636	2020-01-23	31969693	Genome-wide gene-environment analyses of major depressive disorder and reported lifetime traumatic experiences in UK Biobank.	Mol Psychiatry
GCST009983	trauma exposure measurement	Trauma exposure in major depressive disorder	13,393 European ancestry cases, 9,487 European ancestry controls	NA	7791636	2020-01-23	31969693	Genome-wide gene-environment analyses of major depressive disorder and reported lifetime traumatic experiences in UK Biobank.	Mol Psychiatry
GCST009982	trauma exposure measurement	Trauma exposure	35,269 European ancestry cases, 63,451 European ancestry controls	NA	7791636	2020-01-23	31969693	Genome-wide gene-environment analyses of major depressive disorder and reported lifetime traumatic experiences in UK Biobank.	Mol Psychiatry
GCST90042795	psychotic symptom measurement	Ever believed in unreal communications or signs (UKB data field 20474)	1,050 European ancestry cases, 146,282 European ancestry controls	NA	11842647	2021-11-04	34737426	A generalized linear mixed model association tool for biobank-scale data.	Nat Genet
GCST90042793	psychotic symptom measurement	Ever believed in an unreal conspiracy against self (UKB data field 20468)	1,165 European ancestry cases, 146,241 European ancestry controls	NA	11842647	2021-11-04	34737426	A generalized linear mixed model association tool for biobank-scale data.	Nat Genet
GCST90042791	psychotic symptom measurement	Ever heard an unreal voice (UKB data field 20463)	2,585 European ancestry cases, 144,493 European ancestry controls	NA	11842647	2021-11-04	34737426	A generalized linear mixed model association tool for biobank-scale data.	Nat Genet
GCST006940	neuroticism measurement	Neurociticism	380,506 European ancestry individuals	NA	10847151	2018-03-02	29500382	Item-level analyses reveal genetic heterogeneity in neuroticism.	Nat Commun
GCST005327	neuroticism measurement	Neuroticism	168,105 European ancestry individuals	NA	NA	2018-01-01	29292387	Multi-trait analysis of genome-wide association summary statistics using MTAG.	Nat Genet
GCST90042742	loneliness measurement	Loneliness (UKB data field 2020)	81,011 European ancestry cases, 367,945 European ancestry controls	NA	11842647	2021-11-04	34737426	A generalized linear mixed model association tool for biobank-scale data.	Nat Genet
GCST006942	loneliness measurement	Feeling lonely	376,352 European ancestry individuals	NA	10847151	2018-03-02	29500382	Item-level analyses reveal genetic heterogeneity in neuroticism.	Nat Commun
GCST90044037	wellbeing measurement	Ever unenthusiastic/disinterested for a whole week (UKB data field 4631)	53,353 European ancestry cases, 90,951 European ancestry controls	NA	11842647	2021-11-04	34737426	A generalized linear mixed model association tool for biobank-scale data.	Nat Genet
GCST90042776	anxiety measurement	Restless during period of worst anxiety (UKB data field 20426)	25,526 European ancestry cases, 16,935 European ancestry controls	NA	11842647	2021-11-04	34737426	A generalized linear mixed model association tool for biobank-scale data.	Nat Genet
GCST90042774	anxiety measurement	Keyed up or on edge during worst period of anxiety (UKB data field 20423)	34,643 European ancestry cases, 8,992 European ancestry controls	NA	11842647	2021-11-04	34737426	A generalized linear mixed model association tool for biobank-scale data.	Nat Genet
GCST90042770	anxiety measurement	Tense, sore or aching muscles during worst period of anxiety (UKB data field 20417)	16,421 European ancestry cases, 25,331 European ancestry controls	NA	11842647	2021-11-04	34737426	A generalized linear mixed model association tool for biobank-scale data.	Nat Genet
GCST90013924	feeling miserable measurement	Miserableness (UKB data field 1930) (SPA correction)	407,746 British ancestry individuals	NA	11914699	2021-05-20	34017140	Computationally efficient whole-genome regression for quantitative and binary traits.	Nat Genet
GCST90013874	feeling miserable measurement	Miserableness (UKB data field 1930) (Firth correction)	407,746 British ancestry individuals	NA	11914699	2021-05-20	34017140	Computationally efficient whole-genome regression for quantitative and binary traits.	Nat Genet
GCST90041864	feeling miserable measurement	Miserableness (UKB data field 1930)	192,681 European ancestry cases, 255,873 European ancestry controls	NA	11842647	2021-11-04	34737426	A generalized linear mixed model association tool for biobank-scale data.	Nat Genet
GCST006943	feeling miserable measurement	Feeling miserable	376,097 European ancestry individuals	NA	10847151	2018-03-02	29500382	Item-level analyses reveal genetic heterogeneity in neuroticism.	Nat Commun
GCST90041871	feeling nervous measurement	Nervous feelings (UKB data field 1970)	105,190 European ancestry cases, 339,154 European ancestry controls	NA	11842647	2021-11-04	34737426	A generalized linear mixed model association tool for biobank-scale data.	Nat Genet
GCST006948	feeling nervous measurement	Feeling nervous	373,121 European ancestry individuals	NA	10847151	2018-03-02	29500382	Item-level analyses reveal genetic heterogeneity in neuroticism.	Nat Commun
GCST90041881	feeling tense measurement	Tense / highly strung (UKB data field 1990)	76,946 European ancestry cases, 364,942 European ancestry controls	NA	11842647	2021-11-04	34737426	A generalized linear mixed model association tool for biobank-scale data.	Nat Genet
GCST006952	feeling tense measurement	Feeling tense	371,318 European ancestry individuals	NA	10847151	2018-03-02	29500382	Item-level analyses reveal genetic heterogeneity in neuroticism.	Nat Commun
GCST90013957	guilt measurement	Guilty feelings (UKB data field 2030) (SPA correction)	407,746 British ancestry individuals	NA	11914699	2021-05-20	34017140	Computationally efficient whole-genome regression for quantitative and binary traits.	Nat Genet
GCST90013907	guilt measurement	Guilty feelings (UKB data field 2030) (Firth correction)	407,746 British ancestry individuals	NA	11914699	2021-05-20	34017140	Computationally efficient whole-genome regression for quantitative and binary traits.	Nat Genet
GCST006945	guilt measurement	Feeling guilty	373,380 European ancestry individuals	NA	10847151	2018-03-02	29500382	Item-level analyses reveal genetic heterogeneity in neuroticism.	Nat Commun
GCST006951	feeling emotionally hurt measurement	Feeling hurt	372,047 European ancestry individuals	NA	10847151	2018-03-02	29500382	Item-level analyses reveal genetic heterogeneity in neuroticism.	Nat Commun
GCST90042773	irritability measurement	More irritable than usual during worst period of anxiety (UKB data field 20422)	30,168 European ancestry cases, 11,743 European ancestry controls	NA	11842647	2021-11-04	34737426	A generalized linear mixed model association tool for biobank-scale data.	Nat Genet
GCST006941	irritability measurement	Irritable mood	366,726 European ancestry individuals	NA	10847151	2018-03-02	29500382	Item-level analyses reveal genetic heterogeneity in neuroticism.	Nat Commun
GCST90044417	social interaction measurement	Leisure/social activities: Other group activity (UKB data field 6160_5)	100,552 European ancestry cases, 354,261 European ancestry controls	NA	11842647	2021-11-04	34737426	A generalized linear mixed model association tool for biobank-scale data.	Nat Genet
GCST90044416	social interaction measurement	Leisure/social activities: Adult education class (UKB data field 6160_4)	32,682 European ancestry cases, 422,131 European ancestry controls	NA	11842647	2021-11-04	34737426	A generalized linear mixed model association tool for biobank-scale data.	Nat Genet
GCST90044415	social interaction measurement	Leisure/social activities: Religious group (UKB data field 6160_3)	66,860 European ancestry cases, 387,953 European ancestry controls	NA	11842647	2021-11-04	34737426	A generalized linear mixed model association tool for biobank-scale data.	Nat Genet
GCST90044414	social interaction measurement	Leisure/social activities: Pub or social club (UKB data field 6160_2)	124,626 European ancestry cases, 330,187 European ancestry controls	NA	11842647	2021-11-04	34737426	A generalized linear mixed model association tool for biobank-scale data.	Nat Genet
GCST90044413	social interaction measurement	Leisure/social activities: PHESANT recoding (UKB data field 6160_100)	137,762 European ancestry cases, 317,051 European ancestry controls	NA	11842647	2021-11-04	34737426	A generalized linear mixed model association tool for biobank-scale data.	Nat Genet
GCST90044412	social interaction measurement	Leisure/social activities: Sports club or gym (UKB data field 6160_1)	136,413 European ancestry cases, 318,400 European ancestry controls	NA	11842647	2021-11-04	34737426	A generalized linear mixed model association tool for biobank-scale data.	Nat Genet
GCST90042826	worry measurement	Number of things worried about during worst period of anxiety - One thing (UKB data field 20543)	25,093 European ancestry cases, 19,455 European ancestry controls	NA	11842647	2021-11-04	34737426	A generalized linear mixed model association tool for biobank-scale data.	Nat Genet
GCST90042825	worry measurement	Stronger worrying than other people during period of worst anxiety (UKB data field 20542)	25,942 European ancestry cases, 5,550 European ancestry controls	NA	11842647	2021-11-04	34737426	A generalized linear mixed model association tool for biobank-scale data.	Nat Genet
GCST90042824	worry measurement	Difficulty stopping worrying during worst period of anxiety (UKB data field 20541)	41,931 European ancestry cases, 2,607 European ancestry controls	NA	11842647	2021-11-04	34737426	A generalized linear mixed model association tool for biobank-scale data.	Nat Genet
GCST90042823	worry measurement	Multiple worries during worst period of anxiety (UKB data field 20540)	33,257 European ancestry cases, 10,683 European ancestry controls	NA	11842647	2021-11-04	34737426	A generalized linear mixed model association tool for biobank-scale data.	Nat Genet
GCST90042822	worry measurement	Worried most days during period of worst anxiety (UKB data field 20538)	38,994 European ancestry cases, 5,170 European ancestry controls	NA	11842647	2021-11-04	34737426	A generalized linear mixed model association tool for biobank-scale data.	Nat Genet
GCST90042775	worry measurement	Ever worried more than most people would in similar situation (UKB data field 20425)	32,152 European ancestry cases, 91,671 European ancestry controls	NA	11842647	2021-11-04	34737426	A generalized linear mixed model association tool for biobank-scale data.	Nat Genet
GCST90042772	worry measurement	Ever felt worried tense or anxious for most of a month or longer (UKB data field 20421)	36,774 European ancestry cases, 101,198 European ancestry controls	NA	11842647	2021-11-04	34737426	A generalized linear mixed model association tool for biobank-scale data.	Nat Genet
GCST90041884	worry measurement	Worry too long after embarrassment (UKB data field 2000)	208,944 European ancestry cases, 228,751 European ancestry controls	NA	11842647	2021-11-04	34737426	A generalized linear mixed model association tool for biobank-scale data.	Nat Genet
GCST006478	worry measurement	Worry	348,219 European ancestry individuals	NA	10847151	2018-06-25	29942085	Meta-analysis of genome-wide association studies for neuroticism in 449,484 individuals identifies novel genetic loci and pathways.	Nat Genet
GCST006950	worry measurement	Feeling worry	372,869 European ancestry individuals	NA	10847151	2018-03-02	29500382	Item-level analyses reveal genetic heterogeneity in neuroticism.	Nat Commun
GCST006946	worry measurement	Worry too long after an embarrassing experience	367,725 European ancestry individuals	NA	10847151	2018-03-02	29500382	Item-level analyses reveal genetic heterogeneity in neuroticism.	Nat Commun
GCST90041870	feeling "fed-up" measurement	Fed up feelings (UKB data field 1960)	181,740 European ancestry cases, 265,002 European ancestry controls	NA	11842647	2021-11-04	34737426	A generalized linear mixed model association tool for biobank-scale data.	Nat Genet
GCST006947	feeling "fed-up" measurement	Feeling fed-up	374,971 European ancestry individuals	NA	10847151	2018-03-02	29500382	Item-level analyses reveal genetic heterogeneity in neuroticism.	Nat Commun
GCST90042805	emotional symptom measurement	Ever had period of mania excitability (UKB data field 20501)	6,175 European ancestry cases, 138,155 European ancestry controls	NA	11842647	2021-11-04	34737426	A generalized linear mixed model association tool for biobank-scale data.	Nat Genet
GCST90042785	emotional symptom measurement	Ever had prolonged feelings of sadness or depression (UKB data field 20446)	80,825 European ancestry cases, 66,571 European ancestry controls	NA	11842647	2021-11-04	34737426	A generalized linear mixed model association tool for biobank-scale data.	Nat Genet
GCST90042783	emotional symptom measurement	Ever had prolonged loss of interest in normal activities (UKB data field 20441)	58,298 European ancestry cases, 89,047 European ancestry controls	NA	11842647	2021-11-04	34737426	A generalized linear mixed model association tool for biobank-scale data.	Nat Genet
GCST90042756	emotional symptom measurement	Guilty feelings (UKB data field 2030)	127,374 European ancestry cases, 317,007 European ancestry controls	NA	11842647	2021-11-04	34737426	A generalized linear mixed model association tool for biobank-scale data.	Nat Genet
GCST90041868	emotional symptom measurement	Sensitivity hurt feelings (UKB data field 1950)	246,088 European ancestry cases, 196,977 European ancestry controls	NA	11842647	2021-11-04	34737426	A generalized linear mixed model association tool for biobank-scale data.	Nat Genet
GCST90044391	manic episode measurement	Manic/hyper symptoms: All of the above (UKB data field 6156_15)	3,106 European ancestry cases, 27,558 European ancestry controls	NA	11842647	2021-11-04	34737426	A generalized linear mixed model association tool for biobank-scale data.	Nat Genet
GCST90044390	manic episode measurement	Manic/hyper symptoms: I was more creative or had more ideas than usual (UKB data field 6156_14)	3,663 European ancestry cases, 27,001 European ancestry controls	NA	11842647	2021-11-04	34737426	A generalized linear mixed model association tool for biobank-scale data.	Nat Genet
GCST90044389	manic episode measurement	Manic/hyper symptoms: I needed less sleep than usual (UKB data field 6156_13)	4,158 European ancestry cases, 26,506 European ancestry controls	NA	11842647	2021-11-04	34737426	A generalized linear mixed model association tool for biobank-scale data.	Nat Genet
GCST90044388	manic episode measurement	Manic/hyper symptoms: I was more talkative than usual (UKB data field 6156_12)	6,379 European ancestry cases, 24,285 European ancestry controls	NA	11842647	2021-11-04	34737426	A generalized linear mixed model association tool for biobank-scale data.	Nat Genet
GCST90044387	manic episode measurement	Manic/hyper symptoms: I was more active than usual (UKB data field 6156_11)	7,709 European ancestry cases, 22,955 European ancestry controls	NA	11842647	2021-11-04	34737426	A generalized linear mixed model association tool for biobank-scale data.	Nat Genet
GCST90044386	manic episode measurement	Manic/hyper symptoms: PHESANT recoding (UKB data field 6156_100)	11,007 European ancestry cases, 19,657 European ancestry controls	NA	11842647	2021-11-04	34737426	A generalized linear mixed model association tool for biobank-scale data.	Nat Genet
GCST90044180	manic episode measurement	Severity of manic irritable episodes - No problems (UKB data field 5674)	19,406 European ancestry cases, 7,368 European ancestry controls	NA	11842647	2021-11-04	34737426	A generalized linear mixed model association tool for biobank-scale data.	Nat Genet
GCST90044179	manic episode measurement	Length of longest manic irritable episode - At least two days but less than a week (UKB data field 5663)	5,199 European ancestry cases, 19,523 European ancestry controls	NA	11842647	2021-11-04	34737426	A generalized linear mixed model association tool for biobank-scale data.	Nat Genet
GCST90044038	manic episode measurement	Ever manic hyper for 2 days (UKB data field 4642)	8,449 European ancestry cases, 138,388 European ancestry controls	NA	11842647	2021-11-04	34737426	A generalized linear mixed model association tool for biobank-scale data.	Nat Genet
GCST90042839	irritability measurement/manic episode measurement	Manifestations of mania or irritability: I was more active than usual (UKB data field 20548_9)	7,286 European ancestry cases, 135,905 European ancestry controls	NA	11842647	2021-11-04	34737426	A generalized linear mixed model association tool for biobank-scale data.	Nat Genet
GCST90042838	irritability measurement/manic episode measurement	Manifestations of mania or irritability: I was more confident than usual (UKB data field 20548_8)	4,196 European ancestry cases, 138,995 European ancestry controls	NA	11842647	2021-11-04	34737426	A generalized linear mixed model association tool for biobank-scale data.	Nat Genet
GCST90042837	irritability measurement/manic episode measurement	Manifestations of mania or irritability: I was easily distracted (UKB data field 20548_7)	11,685 European ancestry cases, 131,506 European ancestry controls	NA	11842647	2021-11-04	34737426	A generalized linear mixed model association tool for biobank-scale data.	Nat Genet
GCST90042836	irritability measurement/manic episode measurement	Manifestations of mania or irritability: I was more creative or had more ideas than usual (UKB data field 20548_6)	3,960 European ancestry cases, 139,231 European ancestry controls	NA	11842647	2021-11-04	34737426	A generalized linear mixed model association tool for biobank-scale data.	Nat Genet
GCST90042835	irritability measurement/manic episode measurement	Manifestations of mania or irritability: I needed less sleep than usual (UKB data field 20548_5)	4,878 European ancestry cases, 138,313 European ancestry controls	NA	11842647	2021-11-04	34737426	A generalized linear mixed model association tool for biobank-scale data.	Nat Genet
GCST90042834	irritability measurement/manic episode measurement	Manifestations of mania or irritability: My thoughts were racing (UKB data field 20548_3)	13,405 European ancestry cases, 129,786 European ancestry controls	NA	11842647	2021-11-04	34737426	A generalized linear mixed model association tool for biobank-scale data.	Nat Genet
GCST90042833	irritability measurement/manic episode measurement	Manifestations of mania or irritability: I was more restless than usual (UKB data field 20548_2)	16,257 European ancestry cases, 126,934 European ancestry controls	NA	11842647	2021-11-04	34737426	A generalized linear mixed model association tool for biobank-scale data.	Nat Genet
GCST90042832	irritability measurement/manic episode measurement	Manifestations of mania or irritability: I was more talkative than usual (UKB data field 20548_1)	6,963 European ancestry cases, 136,228 European ancestry controls	NA	11842647	2021-11-04	34737426	A generalized linear mixed model association tool for biobank-scale data.	Nat Genet
GCST90042801	manic episode measurement	Severity of problems due to mania or irritability - Needed treatment or caused problems with work relationships finances the law or other aspects of life (UKB data field 20493)	10,020 European ancestry cases, 23,711 European ancestry controls	NA	11842647	2021-11-04	34737426	A generalized linear mixed model association tool for biobank-scale data.	Nat Genet
GCST90013923	mood instability measurement	Mood swings (UKB data field 1920) (SPA correction)	407,746 British ancestry individuals	NA	11914699	2021-05-20	34017140	Computationally efficient whole-genome regression for quantitative and binary traits.	Nat Genet
GCST90013873	mood instability measurement	Mood swings (UKB data field 1920) (Firth correction)	407,746 British ancestry individuals	NA	11914699	2021-05-20	34017140	Computationally efficient whole-genome regression for quantitative and binary traits.	Nat Genet
GCST90041863	mood instability measurement	Mood swings (UKB data field 1920)	201,373 European ancestry cases, 243,901 European ancestry controls	NA	11842647	2021-11-04	34737426	A generalized linear mixed model association tool for biobank-scale data.	Nat Genet
GCST006944	mood instability measurement	Experiencing mood swings	373,733 European ancestry individuals	NA	10847151	2018-03-02	29500382	Item-level analyses reveal genetic heterogeneity in neuroticism.	Nat Commun
transbio001	transbio001	transbio001	transbio001	transbio001	transbio001	transbio001	transbio001	transbio001	transbio001
transbio002	transbio002	transbio002	transbio002	transbio002	transbio002	transbio002	transbio002	transbio002	transbio002
transbio003	transbio003	transbio003	transbio003	transbio003	transbio003	transbio003	transbio003	transbio003	transbio003
transbio004	transbio004	transbio004	transbio004	transbio004	transbio004	transbio004	transbio004	transbio004	transbio004
transbio005	transbio005	transbio005	transbio005	transbio005	transbio005	transbio005	transbio005	transbio005	transbio005
transbio006	transbio006	transbio006	transbio006	transbio006	transbio006	transbio006	transbio006	transbio006	transbio006
transbio007	transbio007	transbio007	transbio007	transbio007	transbio007	transbio007	transbio007	transbio007	transbio007
transbio008	transbio008	transbio008	transbio008	transbio008	transbio008	transbio008	transbio008	transbio008	transbio008
transbio009	transbio009	transbio009	transbio009	transbio009	transbio009	transbio009	transbio009	transbio009	transbio009
transbio010	transbio010	transbio010	transbio010	transbio010	transbio010	transbio010	transbio010	transbio010	transbio010
transbio011	transbio011	transbio011	transbio011	transbio011	transbio011	transbio011	transbio011	transbio011	transbio011
transbio012	transbio012	transbio012	transbio012	transbio012	transbio012	transbio012	transbio012	transbio012	transbio012
transbio013	transbio013	transbio013	transbio013	transbio013	transbio013	transbio013	transbio013	transbio013	transbio013
transbio014	transbio014	transbio014	transbio014	transbio014	transbio014	transbio014	transbio014	transbio014	transbio014
transbio015	transbio015	transbio015	transbio015	transbio015	transbio015	transbio015	transbio015	transbio015	transbio015
transbio016	transbio016	transbio016	transbio016	transbio016	transbio016	transbio016	transbio016	transbio016	transbio016
transbio017	transbio017	transbio017	transbio017	transbio017	transbio017	transbio017	transbio017	transbio017	transbio017
transbio018	transbio018	transbio018	transbio018	transbio018	transbio018	transbio018	transbio018	transbio018	transbio018
transbio019	transbio019	transbio019	transbio019	transbio019	transbio019	transbio019	transbio019	transbio019	transbio019
transbio020	transbio020	transbio020	transbio020	transbio020	transbio020	transbio020	transbio020	transbio020	transbio020
transbio021	transbio021	transbio021	transbio021	transbio021	transbio021	transbio021	transbio021	transbio021	transbio021
transbio022	transbio022	transbio022	transbio022	transbio022	transbio022	transbio022	transbio022	transbio022	transbio022
transbio023	transbio023	transbio023	transbio023	transbio023	transbio023	transbio023	transbio023	transbio023	transbio023
transbio024	transbio024	transbio024	transbio024	transbio024	transbio024	transbio024	transbio024	transbio024	transbio024
transbio025	transbio025	transbio025	transbio025	transbio025	transbio025	transbio025	transbio025	transbio025	transbio025
transbio026	transbio026	transbio026	transbio026	transbio026	transbio026	transbio026	transbio026	transbio026	transbio026
transbio027	transbio027	transbio027	transbio027	transbio027	transbio027	transbio027	transbio027	transbio027	transbio027
transbio028	transbio028	transbio028	transbio028	transbio028	transbio028	transbio028	transbio028	transbio028	transbio028
transbio030	transbio030	transbio030	transbio030	transbio030	transbio030	transbio030	transbio030	transbio030	transbio030
GCST006250	intelligence	Intelligence	269,867 European ancestry individuals	NA	9295118	2018-06-25	29942086	Genome-wide association meta-analysis in 269,867 individuals identifies new genetic and functional links to intelligence.	Nat Genet
GCST90016595	anorexia nervosa/attention deficit hyperactivity disorder	ADHD vs anorexia nervosa (ordinary least squares (OLS))	19,099 ADHD cases, 16,992 anorexia nervosa cases	NA	5496413	2021-03-08	33686288	Identifying loci with different allele frequencies among cases of eight psychiatric disorders using CC-GWAS.	Nat Genet
GCST90016596	attention deficit hyperactivity disorder/autism spectrum disorder	ADHD vs autism spectrum disorder (ordinary least squares (OLS))	19,099 ADHD cases, 18,381 autism spectrum disorder cases	NA	5798030	2021-03-08	33686288	Identifying loci with different allele frequencies among cases of eight psychiatric disorders using CC-GWAS.	Nat Genet
GCST90016597	attention deficit hyperactivity disorder/obsessive-compulsive disorder	ADHD vs obsessive compulsive disorder (ordinary least squares (OLS))	19,099 ADHD cases, 2,688 OCD cases	NA	5627061	2021-03-08	33686288	Identifying loci with different allele frequencies among cases of eight psychiatric disorders using CC-GWAS.	Nat Genet
GCST90016598	attention deficit hyperactivity disorder/Tourette syndrome	ADHD vs Tourette's syndrome and other tic disorders (ordinary least squares (OLS))	19,099 ADHD cases, 4,819 Tourette's syndrome cases	NA	5616739	2021-03-08	33686288	Identifying loci with different allele frequencies among cases of eight psychiatric disorders using CC-GWAS.	Nat Genet
GCST90016599	anorexia nervosa/autism spectrum disorder	Anorexia nervosa vs autism spectrum disorder (ordinary least squares (OLS))	16,992 anorexia nervosa cases, 18,381 autism spectrum disorder cases	NA	5647804	2021-03-08	33686288	Identifying loci with different allele frequencies among cases of eight psychiatric disorders using CC-GWAS.	Nat Genet
GCST90016600	anorexia nervosa/obsessive-compulsive disorder	Anorexia nervosa vs obsessive compulsive disorder (ordinary least squares (OLS))	16,992 anorexia nervosa cases, 2,688 OCD cases	NA	5520002	2021-03-08	33686288	Identifying loci with different allele frequencies among cases of eight psychiatric disorders using CC-GWAS.	Nat Genet
GCST90016601	anorexia nervosa/Tourette syndrome	Anorexia nervosa vs Tourette's syndrome and other tic disorders (ordinary least squares (OLS))	16,992 anorexia nervosa cases, 4,819 Tourette's syndrome cases	NA	5508374	2021-03-08	33686288	Identifying loci with different allele frequencies among cases of eight psychiatric disorders using CC-GWAS.	Nat Genet
GCST90016602	autism spectrum disorder/obsessive-compulsive disorder	Autism spectrum disorder vs obsessive compulsive disorder (ordinary least squares (OLS))	18,381 autism spectrum disorder cases, 2,688 OCD cases	NA	6144458	2021-03-08	33686288	Identifying loci with different allele frequencies among cases of eight psychiatric disorders using CC-GWAS.	Nat Genet
GCST90016603	autism spectrum disorder/Tourette syndrome	Autism spectrum disorder vs Tourette's syndrome and other tic disorders (ordinary least squares (OLS))	18,381 autism spectrum disorder cases, 4,819 Tourette's syndrome cases	NA	6126055	2021-03-08	33686288	Identifying loci with different allele frequencies among cases of eight psychiatric disorders using CC-GWAS.	Nat Genet
GCST90016604	attention deficit hyperactivity disorder/bipolar disorder	Bipolar disorder vs ADHD (ordinary least squares (OLS))	20,352 bipolar disorder cases, 19,099 ADHD cases	NA	5637374	2021-03-08	33686288	Identifying loci with different allele frequencies among cases of eight psychiatric disorders using CC-GWAS.	Nat Genet
GCST90016605	anorexia nervosa/bipolar disorder	Bipolar disorder vs anorexia nervosa (ordinary least squares (OLS))	20,352 bipolar disorder cases, 16,992 anorexia nervosa cases	NA	5569514	2021-03-08	33686288	Identifying loci with different allele frequencies among cases of eight psychiatric disorders using CC-GWAS.	Nat Genet
GCST90016608	bipolar disorder/obsessive-compulsive disorder	Bipolar disorder vs obsessive compulsive disorder (ordinary least squares (OLS))	20,352 bipolar disorder cases, 2,688 OCD cases	NA	6311569	2021-03-08	33686288	Identifying loci with different allele frequencies among cases of eight psychiatric disorders using CC-GWAS.	Nat Genet
GCST90016609	bipolar disorder/Tourette syndrome	Bipolar disorder vs Tourette's syndrome and other tic disorders (ordinary least squares (OLS))	20,352 bipolar disorder cases, 4,819 Tourette's syndrome cases	NA	6254473	2021-03-08	33686288	Identifying loci with different allele frequencies among cases of eight psychiatric disorders using CC-GWAS.	Nat Genet
GCST90016612	attention deficit hyperactivity disorder/unipolar depression	Major depressive disorder vs ADHD (ordinary least squares (OLS))	170,756 MDD cases, 19,099 ADHD cases	NA	5568121	2021-03-08	33686288	Identifying loci with different allele frequencies among cases of eight psychiatric disorders using CC-GWAS.	Nat Genet
GCST90016613	anorexia nervosa/unipolar depression	Major depressive disorder vs anorexia nervosa (ordinary least squares (OLS))	170,756 MDD cases, 16,992 anorexia nervosa cases	NA	5460735	2021-03-08	33686288	Identifying loci with different allele frequencies among cases of eight psychiatric disorders using CC-GWAS.	Nat Genet
GCST90016615	unipolar depression/obsessive-compulsive disorder	Major depressive disorder vs obsessive compulsive disorder (ordinary least squares (OLS))	170,756 MDD cases, 2,688 OCD cases	NA	6207788	2021-03-08	33686288	Identifying loci with different allele frequencies among cases of eight psychiatric disorders using CC-GWAS.	Nat Genet
GCST90016616	Tourette syndrome/unipolar depression	Major depressive disorder vs Tourette's syndrome and other tic disorders (ordinary least squares (OLS))	170,756 MDD cases, 4,819 Tourette's syndrome cases	NA	6202472	2021-03-08	33686288	Identifying loci with different allele frequencies among cases of eight psychiatric disorders using CC-GWAS.	Nat Genet
GCST90016618	attention deficit hyperactivity disorder/schizophrenia	Schizophrenia vs ADHD (ordinary least squares (OLS))	40,675 schizophrenia cases, 19,099 ADHD cases	NA	4428082	2021-03-08	33686288	Identifying loci with different allele frequencies among cases of eight psychiatric disorders using CC-GWAS.	Nat Genet
GCST90016619	anorexia nervosa/schizophrenia	Schizophrenia vs anorexia nervosa (ordinary least squares (OLS))	40,675 schizophrenia cases, 16,992 anorexia nervosa cases	NA	4425810	2021-03-08	33686288	Identifying loci with different allele frequencies among cases of eight psychiatric disorders using CC-GWAS.	Nat Genet
GCST90016623	obsessive-compulsive disorder/schizophrenia	Schizophrenia vs obsessive compulsive disorder (ordinary least squares (OLS))	40,675 schizophrenia cases, 2,688 OCD cases	NA	4503720	2021-03-08	33686288	Identifying loci with different allele frequencies among cases of eight psychiatric disorders using CC-GWAS.	Nat Genet
GCST90016624	schizophrenia/Tourette syndrome	Schizophrenia vs Tourette's syndrome and other tic disorders (ordinary least squares (OLS))	40,675 schizophrenia cases, 4,819 Tourette's syndrome cases	NA	4502103	2021-03-08	33686288	Identifying loci with different allele frequencies among cases of eight psychiatric disorders using CC-GWAS.	Nat Genet
GCST90043831	central nervous system origin vertigo/peripheral vertigo	Peripheral or central vertigo (PheCode 386.2)	284 European ancestry cases, 456,064 European ancestry controls	NA	11842647	2021-11-04	34737426	A generalized linear mixed model association tool for biobank-scale data.	Nat Genet
GCST90179115_buildGRCh37	reaction time measurement	Reaction time	432,297 European ancestry individuals	NA	NA	2022-07-14	36150907	Genome-wide Association Study Shows That Executive Functioning Is Influenced by GABAergic Processes and Is a Neurocognitive Genetic Correlate of Psychiatric Disorders.	Biol Psychiatry
GCST90054778_buildGRCh37	internalizing disorder	Internalizing symptoms during childhood and adolescence	64,641 European ancestry individuals	NA	5445944	2022-03-30	35378236	Genome-wide Association Meta-analysis of Childhood and Adolescent Internalizing Symptoms.	J Am Acad Child Adolesc Psychiatry
GCST90267298_buildGRCh37	risk-taking behaviour	Risk taking (standard GWA)	274,537 European ancestry individuals	NA	7296828	2023-04-27	37106081	Participation bias in the UK Biobank distorts genetic associations and downstream analyses.	Nat Hum Behav
GCST90267296_buildGRCh37	reaction time measurement	Reaction time (standard GWA)	282,217 European ancestry individuals	NA	7296904	2023-04-27	37106081	Participation bias in the UK Biobank distorts genetic associations and downstream analyses.	Nat Hum Behav
GCST90104469_buildGRCh37	phoneme awareness	Phoneme awareness	12,411 European ancestry individuals	NA	7773752	2022-08-23	35998220	Genome-wide analyses of individual differences in quantitatively assessed reading- and language-related skills in up to 34,000 people.	Proc Natl Acad Sci U S A
GCST90042706_buildGRCh37	smoking status measurement	Smoking status: Current (UKB data field 20116_2)	47,558 European ancestry cases, 406,871 European ancestry controls	NA	11842647	2021-11-04	34737426	A generalized linear mixed model association tool for biobank-scale data.	Nat Genet
GCST90102253_buildGRCh37	occupational attainment	Occupational attainment	248,847 European ancestry individuals	NA	9575249	2021-10-06	34613391	Genome-wide association study of occupational attainment as a proxy for cognitive reserve.	Brain
GCST90042794_buildGRCh37	psychotic symptom measurement	Ever seen an unreal vision (UKB data field 20471)	4,728 European ancestry cases, 141,448 European ancestry controls	NA	11842647	2021-11-04	34737426	A generalized linear mixed model association tool for biobank-scale data.	Nat Genet
GCST90042663_buildGRCh37	feeling nervous measurement	Suffer from nerves (UKB data field 2010)	93,482 European ancestry cases, 346,059 European ancestry controls	NA	11842647	2021-11-04	34737426	A generalized linear mixed model association tool for biobank-scale data.	Nat Genet
GCST90104472_buildGRCh37	intelligence	Performance intelligence quotient	18,722 European ancestry individuals	NA	7872714	2022-08-23	35998220	Genome-wide analyses of individual differences in quantitatively assessed reading- and language-related skills in up to 34,000 people.	Proc Natl Acad Sci U S A
GCST90179151_buildGRCh37	cigarettes per day measurement	Cigarettes smoked per day (MTAG)	337,334 European ancestry individuals	NA	6206408	2022-11-14	36376304	Pleiotropic genetic architecture and novel loci for C-reactive protein levels.	Nat Commun
GCST90225519_buildGRCh37	irritability measurement	Easily annoyed or irritable - several or more days in the last two weeks	38,854 European ancestry cases, 99,911 European ancestry controls	NA	7749106	2023-05-31	37259642	Testing associations between human anxiety and genes previously implicated by mouse anxiety models.	Genes Brain Behav
GCST90042719_buildGRCh37	bipolar I disorder	Bipolar and major depression status: Bipolar I Disorder (UKB data field 20126_1)	702 European ancestry cases, 108,079 European ancestry controls	NA	11842647	2021-11-04	34737426	A generalized linear mixed model association tool for biobank-scale data.	Nat Genet
GCST90086138_buildGRCh37	acute stress reaction	Acute reaction to stress	4,314 European ancestry cases, 52,323 European ancestry controls	NA	15038126	2021-04-23	33893285	The impact of non-additive genetic associations on age-related complex diseases.	Nat Commun
GCST90225521_buildGRCh37	feeling tense measurement	Trouble relaxing - several or more days in the last two weeks	40,314 European ancestry cases, 98,699 European ancestry controls	NA	7749106	2023-05-31	37259642	Testing associations between human anxiety and genes previously implicated by mouse anxiety models.	Genes Brain Behav
GCST90179117_buildGRCh37	executive function measurement	Pairs matching task	81,701 European ancestry individuals	NA	NA	2022-07-14	36150907	Genome-wide Association Study Shows That Executive Functioning Is Influenced by GABAergic Processes and Is a Neurocognitive Genetic Correlate of Psychiatric Disorders.	Biol Psychiatry
GCST90086139_buildGRCh37	acute stress reaction	Acute reaction to stress	4,314 European ancestry cases, 52,323 European ancestry controls	NA	12089300	2021-04-23	33893285	The impact of non-additive genetic associations on age-related complex diseases.	Nat Commun
GCST90162547_buildGRCh37	executive function measurement	Common executive function	427,037 European ancestry individuals	NA	7391068	2022-07-14	36150907	Genome-wide Association Study Shows That Executive Functioning Is Influenced by GABAergic Processes and Is a Neurocognitive Genetic Correlate of Psychiatric Disorders.	Biol Psychiatry
GCST90086140_buildGRCh37	acute stress reaction	Acute reaction to stress	4,314 European ancestry cases, 52,323 European ancestry controls	NA	15075110	2021-04-23	33893285	The impact of non-additive genetic associations on age-related complex diseases.	Nat Commun
GCST90225518_buildGRCh37	worry measurement	Inability to control worry - several or more days in the last two weeks	33,331 European ancestry cases, 105,549 European ancestry controls	NA	7749106	2023-05-31	37259642	Testing associations between human anxiety and genes previously implicated by mouse anxiety models.	Genes Brain Behav
GCST90246066_buildGRCh37	transient ischemic attack	ICD10 G45: Transient cerebral ischemic attacks and related syndromes	2,742 Chinese ancestry cases, 73,812 Chinese ancestry controls	NA	8994369	2023-07-20	37601966	Genotyping and population characteristics of the China Kadoorie Biobank.	Cell Genom
GCST90267289_buildGRCh37	loneliness measurement	Loneliness (weighted GWA)	100,928 European ancestry individuals	NA	7296886	2023-04-27	37106081	Participation bias in the UK Biobank distorts genetic associations and downstream analyses.	Nat Hum Behav
GCST90132924_buildGRCh37	alcohol drinking	Alcohol drinker status: current vs never (UKB data field 20117)	433,353 European ancestry individuals	NA	NA	2020-03-19	32193382	Comprehensive genomic analysis of dietary habits in UK Biobank identifies hundreds of genetic associations.	Nat Commun
GCST90179120_buildGRCh37	short-term memory	Digit span task	81,701 European ancestry individuals	NA	NA	2022-07-14	36150907	Genome-wide Association Study Shows That Executive Functioning Is Influenced by GABAergic Processes and Is a Neurocognitive Genetic Correlate of Psychiatric Disorders.	Biol Psychiatry
GCST90267288_buildGRCh37	loneliness measurement	Loneliness (standard GWA)	279,941 European ancestry individuals	NA	7296886	2023-04-27	37106081	Participation bias in the UK Biobank distorts genetic associations and downstream analyses.	Nat Hum Behav
GCST90267297_buildGRCh37	reaction time measurement	Reaction time (weighted GWA)	101,556 European ancestry individuals	NA	7296904	2023-04-27	37106081	Participation bias in the UK Biobank distorts genetic associations and downstream analyses.	Nat Hum Behav
GCST90267299_buildGRCh37	risk-taking behaviour	Risk taking (weighted GWA)	99,063 European ancestry individuals	NA	7296828	2023-04-27	37106081	Participation bias in the UK Biobank distorts genetic associations and downstream analyses.	Nat Hum Behav
GCST90179116_buildGRCh37	memory performance	Prospective memory task	162,335 European ancestry individuals	NA	NA	2022-07-14	36150907	Genome-wide Association Study Shows That Executive Functioning Is Influenced by GABAergic Processes and Is a Neurocognitive Genetic Correlate of Psychiatric Disorders.	Biol Psychiatry
GCST90267302_buildGRCh37	smoking status measurement	Smoking status (standard GWA)	283,749 European ancestry individuals	NA	7296935	2023-04-27	37106081	Participation bias in the UK Biobank distorts genetic associations and downstream analyses.	Nat Hum Behav
GCST90225520_buildGRCh37	anxiety measurement	Being restless - several or more days in the last two weeks	16,693 European ancestry cases, 122,416 European ancestry controls	NA	7749106	2023-05-31	37259642	Testing associations between human anxiety and genes previously implicated by mouse anxiety models.	Genes Brain Behav
GCST90042705_buildGRCh37	smoking status measurement	Smoking status: Previous (UKB data field 20116_1)	161,807 European ancestry cases, 292,622 European ancestry controls	NA	11842647	2021-11-04	34737426	A generalized linear mixed model association tool for biobank-scale data.	Nat Genet
GCST90086142_buildGRCh37	acute stress reaction	Acute reaction to stress	4,314 European ancestry cases, 52,323 European ancestry controls	NA	15517788	2021-04-23	33893285	The impact of non-additive genetic associations on age-related complex diseases.	Nat Commun
GCST90132923_buildGRCh37	alcohol drinking	Alcohol drinker status: current or former vs never (UKB data field 20117)	448,623 European ancestry individuals	NA	NA	2020-03-19	32193382	Comprehensive genomic analysis of dietary habits in UK Biobank identifies hundreds of genetic associations.	Nat Commun
GCST90086141_buildGRCh37	acute stress reaction	Acute reaction to stress	4,314 European ancestry cases, 52,323 European ancestry controls	NA	11399727	2021-04-23	33893285	The impact of non-additive genetic associations on age-related complex diseases.	Nat Commun
GCST90179114_buildGRCh37	intelligence	Intelligence	216,381 European ancestry individuals	NA	NA	2022-07-14	36150907	Genome-wide Association Study Shows That Executive Functioning Is Influenced by GABAergic Processes and Is a Neurocognitive Genetic Correlate of Psychiatric Disorders.	Biol Psychiatry
GCST90267303_buildGRCh37	smoking status measurement	Smoking status (weighted GWA)	102,215 European ancestry individuals	NA	7296935	2023-04-27	37106081	Participation bias in the UK Biobank distorts genetic associations and downstream analyses.	Nat Hum Behav
GCST90225522_buildGRCh37	worry measurement	Worrying too much - several or more days in the last two weeks	44,438 European ancestry cases, 94,432 European ancestry controls	NA	7749106	2023-05-31	37259642	Testing associations between human anxiety and genes previously implicated by mouse anxiety models.	Genes Brain Behav
GCST90225526_buildGRCh37	mixed anxiety and depressive disorder	ICD10 F41.2: Mixed anxiety and depressive disorder	3,769 European ancestry cases, 498,711 European ancestry controls	NA	7749106	2023-05-31	37259642	Testing associations between human anxiety and genes previously implicated by mouse anxiety models.	Genes Brain Behav
GCST90225516_buildGRCh37	anxiety measurement	Feeling anxious - several or more days in the last two weeks	40,282 European ancestry cases, 98,623 European ancestry controls	NA	7749106	2023-05-31	37259642	Testing associations between human anxiety and genes previously implicated by mouse anxiety models.	Genes Brain Behav
